Model,Seed,Sigma,GroupCount,mean_Accuracy,mean_AUC
CNN,101,0,3,0.9089,0.968347256897768
CNN,101,0.05,3,0.901633333333333,0.964711052696158
CNN,101,0.1,3,0.866333333333333,0.940284266105458
CNN,101,0.2,3,0.686066666666667,0.807944233723834
CNN,101,0.35,3,0.567266666666667,0.673015958752107
CNN,202,0,3,0.9064,0.968947510562707
CNN,202,0.05,3,0.902133333333333,0.965008242109984
CNN,202,0.1,3,0.861366666666667,0.941922198749548
CNN,202,0.2,3,0.670833333333333,0.799740006775069
CNN,202,0.35,3,0.560966666666667,0.652498966402066
CNN,303,0,3,0.9109,0.969845880545419
CNN,303,0.05,3,0.901366666666667,0.965632008460832
CNN,303,0.1,3,0.873933333333333,0.943344356155175
CNN,303,0.2,3,0.7017,0.806744719981649
CNN,303,0.35,3,0.579333333333333,0.658395669291339
GraphSAGE,101,0,3,0.86,0.926139731771335
GraphSAGE,101,0.05,3,0.856433333333333,0.921579671062458
GraphSAGE,101,0.1,3,0.835833333333333,0.906834776369418
GraphSAGE,101,0.2,3,0.746666666666667,0.837293613831809
GraphSAGE,101,0.35,3,0.6652,0.725882292533555
GraphSAGE,202,0,3,0.8607,0.925387659240767
GraphSAGE,202,0.05,3,0.854566666666667,0.921168219064081
GraphSAGE,202,0.1,3,0.844666666666667,0.90942630646779
GraphSAGE,202,0.2,3,0.774633333333333,0.848326038132429
GraphSAGE,202,0.35,3,0.6724,0.733995862940914
GraphSAGE,303,0,3,0.8681,0.925022485756353
GraphSAGE,303,0.05,3,0.863333333333333,0.921693020079807
GraphSAGE,303,0.1,3,0.8492,0.910658528583317
GraphSAGE,303,0.2,3,0.771766666666667,0.860959112199389
GraphSAGE,303,0.35,3,0.683466666666667,0.752645690630135
ResNeXt-SE reference,101,0,3,0.9128,0.971513987580823
ResNeXt-SE reference,101,0.05,3,0.906333333333333,0.966771780242411
ResNeXt-SE reference,101,0.1,3,0.876466666666667,0.941960755286691
ResNeXt-SE reference,101,0.2,3,0.705966666666667,0.763458038591214
ResNeXt-SE reference,101,0.35,3,0.5687,0.591555158120479
ResNeXt-SE reference,202,0,3,0.9159,0.970613637091096
ResNeXt-SE reference,202,0.05,3,0.906133333333333,0.967028972750361
ResNeXt-SE reference,202,0.1,3,0.8804,0.947578980218941
ResNeXt-SE reference,202,0.2,3,0.720433333333333,0.797652459029513
ResNeXt-SE reference,202,0.35,3,0.578133333333333,0.621292890980092
ResNeXt-SE reference,303,0,3,0.9154,0.970926357147429
ResNeXt-SE reference,303,0.05,3,0.9057,0.966975652433689
ResNeXt-SE reference,303,0.1,3,0.879066666666667,0.946611152455028
ResNeXt-SE reference,303,0.2,3,0.7258,0.788231527270981
ResNeXt-SE reference,303,0.35,3,0.5779,0.600944861884642
