Seed,RadiusFractionKept,TestJets,BaselineAUC,AUC,AUCDrop
101,1,10000,0.969609099929582,0.969609099929582,0
101,0.75,10000,0.969609099929582,0.969609099929582,0
101,0.5,10000,0.969609099929582,0.969465983291723,0.000143116637859264
101,0.35,10000,0.969609099929582,0.947741261763011,0.0218678381665715
101,0.2,10000,0.969609099929582,0.759625324082965,0.209983775846617
202,1,10000,0.972600465719228,0.972600465719228,0
202,0.75,10000,0.972600465719228,0.972600465719228,0
202,0.5,10000,0.972600465719228,0.972443425516936,0.000157040202291792
202,0.35,10000,0.972600465719228,0.948939728570517,0.0236607371487111
202,0.2,10000,0.972600465719228,0.740660209013507,0.231940256705721
303,1,10000,0.971885962806479,0.971885962806479,0
303,0.75,10000,0.971885962806479,0.971885962806479,0
303,0.5,10000,0.971885962806479,0.971765491965944,0.000120470840535014
303,0.35,10000,0.971885962806479,0.95084969752257,0.0210362652839087
303,0.2,10000,0.971885962806479,0.742390011843032,0.229495950963447
