Seed,PermutationSeed,Feature,TestJets,BaselineAUC,PerturbedAUC,AUCDrop
101,11,deltaEta,10000,0.930936239677361,0.836248399590295,0.0946878400870664
101,11,deltaPhi,10000,0.930936239677361,0.800104986876641,0.13083125280072
101,11,log(pT),10000,0.930936239677361,0.845667971000576,0.0852682686767853
101,11,log(E),10000,0.930936239677361,0.921650102426222,0.00928613725113847
101,21,deltaEta,10000,0.930936239677361,0.828499855963126,0.102436383714235
101,21,deltaPhi,10000,0.930936239677361,0.791861996671148,0.139074243006213
101,21,log(pT),10000,0.930936239677361,0.841535713142564,0.0894005265347965
101,21,log(E),10000,0.930936239677361,0.919019589014789,0.011916650662572
101,31,deltaEta,10000,0.930936239677361,0.828594280135716,0.102341959541645
101,31,deltaPhi,10000,0.930936239677361,0.795455916714679,0.135480322962682
101,31,log(pT),10000,0.930936239677361,0.847353722552974,0.0835825171243871
101,31,log(E),10000,0.930936239677361,0.921904207477116,0.00903203220024451
202,11,deltaEta,10000,0.932660841175343,0.815531175981051,0.117129665194292
202,11,deltaPhi,10000,0.932660841175343,0.791899486268485,0.140761354906858
202,11,log(pT),10000,0.932660841175343,0.812156912169517,0.120503929005826
202,11,log(E),10000,0.932660841175343,0.919673516420206,0.0129873247551373
202,21,deltaEta,10000,0.932660841175343,0.809377720696497,0.123283120478846
202,21,deltaPhi,10000,0.932660841175343,0.784834157544332,0.147826683631011
202,21,log(pT),10000,0.932660841175343,0.808132801997313,0.12452803917803
202,21,log(E),10000,0.932660841175343,0.917657240253505,0.0150036009218381
202,31,deltaEta,10000,0.932660841175343,0.811063152166955,0.121597689008388
202,31,deltaPhi,10000,0.932660841175343,0.785607595544459,0.147053245630884
202,31,log(pT),10000,0.932660841175343,0.814719808270918,0.117941032904425
202,31,log(E),10000,0.932660841175343,0.918928285641124,0.0137325555342188
303,11,deltaEta,10000,0.933020653287244,0.826962822482556,0.106057830804688
303,11,deltaPhi,10000,0.933020653287244,0.802826723641252,0.130193929645992
303,11,log(pT),10000,0.933020653287244,0.839338390628001,0.0936822626592425
303,11,log(E),10000,0.933020653287244,0.920670491645862,0.0123501616413819
303,21,deltaEta,10000,0.933020653287244,0.818977378208821,0.114043275078422
303,21,deltaPhi,10000,0.933020653287244,0.795547140067858,0.137473513219386
303,21,log(pT),10000,0.933020653287244,0.832345800524934,0.10067485276231
303,21,log(E),10000,0.933020653287244,0.91979018628769,0.0132304669995535
303,31,deltaEta,10000,0.933020653287244,0.818248551629217,0.114772101658027
303,31,deltaPhi,10000,0.933020653287244,0.797728218423917,0.135292434863327
303,31,log(pT),10000,0.933020653287244,0.842405335765958,0.0906153175212859
303,31,log(E),10000,0.933020653287244,0.920782840407145,0.0122378128800984
