Variant,Sigma,AUC_Mean,AUC_SeedSD,Accuracy_Mean
GraphSAGE (k=6),0.0,0.9322059113799828,0.0011141884325805657,0.8697666666666667
GraphSAGE (k=6),0.05,0.9286091105989831,0.0008006000481617059,0.8663333333333334
GraphSAGE (k=6),0.1,0.9153452039277639,0.0012625048667295566,0.8489333333333334
GraphSAGE (k=6),0.2,0.8478984175504491,0.007044155983973522,0.768611111111111
GraphSAGE (k=6),0.35,0.7238160969208121,0.009751983008023494,0.6651555555555556
No neighbors (k=0),0.0,0.8875508663551207,0.0005411121008852279,0.8298333333333333
No neighbors (k=0),0.05,0.8857139116502718,0.0005805191315347814,0.827
No neighbors (k=0),0.1,0.877155685188742,0.0009551541545595362,0.8077444444444444
No neighbors (k=0),0.2,0.8356565147344389,0.0015696692171680475,0.6968222222222223
No neighbors (k=0),0.35,0.7553781768132644,0.0016284108997698286,0.5972
