Seed,NoiseSeed,Sigma,TestJets,Accuracy,AUC,Variant
101,7,0.0,10000,0.8687,0.930936239677361,GraphSAGE (k=6)
101,7,0.05,10000,0.8656,0.9268099433455,GraphSAGE (k=6)
101,7,0.1,10000,0.8495,0.915191889123616,GraphSAGE (k=6)
101,7,0.2,10000,0.7685,0.858471168619168,GraphSAGE (k=6)
101,7,0.35,10000,0.6804,0.741552557454708,GraphSAGE (k=6)
101,17,0.0,10000,0.8687,0.930936239677361,GraphSAGE (k=6)
101,17,0.05,10000,0.8672,0.927372807438704,GraphSAGE (k=6)
101,17,0.1,10000,0.8457,0.914922980282955,GraphSAGE (k=6)
101,17,0.2,10000,0.765,0.848334573650854,GraphSAGE (k=6)
101,17,0.35,10000,0.6788,0.729020549260609,GraphSAGE (k=6)
101,27,0.0,10000,0.8687,0.930936239677361,GraphSAGE (k=6)
101,27,0.05,10000,0.8671,0.928976417963003,GraphSAGE (k=6)
101,27,0.1,10000,0.8483,0.916826547596189,GraphSAGE (k=6)
101,27,0.2,10000,0.7663,0.854844240125472,GraphSAGE (k=6)
101,27,0.35,10000,0.6724,0.732526006657705,GraphSAGE (k=6)
202,7,0.0,10000,0.8697,0.932660841175343,GraphSAGE (k=6)
202,7,0.05,10000,0.8649,0.928699547084058,GraphSAGE (k=6)
202,7,0.1,10000,0.8504,0.917142628512905,GraphSAGE (k=6)
202,7,0.2,10000,0.775,0.853490693617566,GraphSAGE (k=6)
202,7,0.35,10000,0.6685,0.728029855643046,GraphSAGE (k=6)
202,17,0.0,10000,0.8697,0.932660841175343,GraphSAGE (k=6)
202,17,0.05,10000,0.8667,0.929323666858719,GraphSAGE (k=6)
202,17,0.1,10000,0.8513,0.915266148133925,GraphSAGE (k=6)
202,17,0.2,10000,0.7746,0.846084157544332,GraphSAGE (k=6)
202,17,0.35,10000,0.6617,0.717241533832661,GraphSAGE (k=6)
202,27,0.0,10000,0.8697,0.932660841175343,GraphSAGE (k=6)
202,27,0.05,10000,0.8703,0.929793427117345,GraphSAGE (k=6)
202,27,0.1,10000,0.8524,0.916879321106206,GraphSAGE (k=6)
202,27,0.2,10000,0.77,0.849453940208693,GraphSAGE (k=6)
202,27,0.35,10000,0.6652,0.720577907944434,GraphSAGE (k=6)
303,7,0.0,10000,0.8709,0.933020653287244,GraphSAGE (k=6)
303,7,0.05,10000,0.864,0.927897141668272,GraphSAGE (k=6)
303,7,0.1,10000,0.8455,0.913567873375588,GraphSAGE (k=6)
303,7,0.2,10000,0.7673,0.843767604506757,GraphSAGE (k=6)
303,7,0.35,10000,0.6553,0.722004633186097,GraphSAGE (k=6)
303,17,0.0,10000,0.8709,0.933020653287244,GraphSAGE (k=6)
303,17,0.05,10000,0.8647,0.928895957365087,GraphSAGE (k=6)
303,17,0.1,10000,0.8475,0.913384466423404,GraphSAGE (k=6)
303,17,0.2,10000,0.7671,0.835960765956087,GraphSAGE (k=6)
303,17,0.35,10000,0.6505,0.711084917738942,GraphSAGE (k=6)
303,27,0.0,10000,0.8709,0.933020653287244,GraphSAGE (k=6)
303,27,0.05,10000,0.8665,0.92971308655016,GraphSAGE (k=6)
303,27,0.1,10000,0.8498,0.914924980795087,GraphSAGE (k=6)
303,27,0.2,10000,0.7637,0.840678613725114,GraphSAGE (k=6)
303,27,0.35,10000,0.6536,0.712306910569106,GraphSAGE (k=6)
101,7,0.0,10000,0.8309,0.888021893604762,No neighbors (k=0)
101,7,0.05,10000,0.8258,0.886069753856987,No neighbors (k=0)
101,7,0.1,10000,0.8048,0.878124279815633,No neighbors (k=0)
101,7,0.2,10000,0.6829,0.837560935599513,No neighbors (k=0)
101,7,0.35,10000,0.5878,0.755293675180846,No neighbors (k=0)
101,17,0.0,10000,0.8309,0.888021893604762,No neighbors (k=0)
101,17,0.05,10000,0.8257,0.885675612956917,No neighbors (k=0)
101,17,0.1,10000,0.8004,0.876362628832981,No neighbors (k=0)
101,17,0.2,10000,0.6879,0.834572330516613,No neighbors (k=0)
101,17,0.35,10000,0.5936,0.754694841879521,No neighbors (k=0)
101,27,0.0,10000,0.8309,0.888021893604762,No neighbors (k=0)
101,27,0.05,10000,0.8271,0.886806102362204,No neighbors (k=0)
101,27,0.1,10000,0.8072,0.878490493566353,No neighbors (k=0)
101,27,0.2,10000,0.6877,0.835606115165482,No neighbors (k=0)
101,27,0.35,10000,0.5915,0.752837486396517,No neighbors (k=0)
202,7,0.0,10000,0.8278,0.887670883746241,No neighbors (k=0)
202,7,0.05,10000,0.8271,0.885816208949492,No neighbors (k=0)
202,7,0.1,10000,0.8141,0.878315648806095,No neighbors (k=0)
202,7,0.2,10000,0.7119,0.839294539402087,No neighbors (k=0)
202,7,0.35,10000,0.6036,0.759292698930926,No neighbors (k=0)
202,17,0.0,10000,0.8278,0.887670883746241,No neighbors (k=0)
202,17,0.05,10000,0.8248,0.885138195378018,No neighbors (k=0)
202,17,0.1,10000,0.8085,0.876140972088855,No neighbors (k=0)
202,17,0.2,10000,0.7114,0.834950827411818,No neighbors (k=0)
202,17,0.35,10000,0.6099,0.756865037449588,No neighbors (k=0)
202,27,0.0,10000,0.8278,0.887670883746241,No neighbors (k=0)
202,27,0.05,10000,0.8302,0.886724441457014,No neighbors (k=0)
202,27,0.1,10000,0.816,0.87880477402215,No neighbors (k=0)
202,27,0.2,10000,0.713,0.837000832213047,No neighbors (k=0)
202,27,0.35,10000,0.6066,0.755587790474362,No neighbors (k=0)
303,7,0.0,10000,0.8308,0.886959821714359,No neighbors (k=0)
303,7,0.05,10000,0.8285,0.884824435055376,No neighbors (k=0)
303,7,0.1,10000,0.8072,0.876582045003523,No neighbors (k=0)
303,7,0.2,10000,0.6903,0.835777399014148,No neighbors (k=0)
303,7,0.35,10000,0.5891,0.75637055086102,No neighbors (k=0)
303,17,0.0,10000,0.8308,0.886959821714359,No neighbors (k=0)
303,17,0.05,10000,0.8266,0.884561207669164,No neighbors (k=0)
303,17,0.1,10000,0.8036,0.874833557390691,No neighbors (k=0)
303,17,0.2,10000,0.6931,0.832405055694257,No neighbors (k=0)
303,17,0.35,10000,0.5987,0.754691641060113,No neighbors (k=0)
303,27,0.0,10000,0.8308,0.886959821714359,No neighbors (k=0)
303,27,0.05,10000,0.8272,0.885809247167275,No neighbors (k=0)
303,27,0.1,10000,0.8079,0.876746767172398,No neighbors (k=0)
303,27,0.2,10000,0.6932,0.833740597592985,No neighbors (k=0)
303,27,0.35,10000,0.594,0.752769869086486,No neighbors (k=0)
